{
  "n": 100,
  "mean_income": 6012.0,
  "mean_frequency": 14.27,
  "mean_spending": 517.3,
  "std_income": 1130.145248553602,
  "std_frequency": 4.232760638904901,
  "std_spending": 112.31139071727536,
  "min_income": 4200.0,
  "max_income": 8000.0,
  "gender_counts": {
    "M": 50,
    "F": 50
  }
}